,,SiOs postliste 2.7. 5.8.2018,
Sist endret d,Dok # Tittel,Applikasjon,Saksbehandler
ato,,,
30.07.2018,52248 Sandakerveien 99 Ferdigbehandl,MS OUTLOOK,Torgunn Kveberg
,"et sluttrapport for forurenset grunn,",,
,PBE 24.7.18,,
06.07.2018,52123 Rettelse til høring Forskrift om hø,MS OUTLOOK,Torgunn Kveberg
,yere yrkesfaglig utdanning og grads,,
,"betegnelser, Kunnskapsdeparteme",,
,ntet 5.7.18,,
06.07.2018,52122 Høring Forskrift om høyere yrkesf,MS OUTLOOK,Torgunn Kveberg
,aglig utdanning og gradsbetegnelse,,
,"r, Kunnskapsdepartemenet 5.7.18",,
